symbol,context
U,U.S. Revokes Friday's Tariff Exemption on Electronics and Semiconductors 
U,U.S. Revokes Friday's Tariff Exemption on Electronics and Semiconductors 
U,"Tomorrow's headline:

U.S. Revokes Sunday's revocation of Friday's Tariff Exemption on Electronics and Semiconductors."
U,U got till 2027. U good bro
U,U got till 2027. U good bro
U,"U got 4 days, you'll be fine. Just wait for mango to say new tariffs and sell when you're even/up."
U,Why the hell would u go so OTM? U certainly have enough capital
U,"y. At some point, hopefully in the near future, China will realize that the days of ripping off the U.S.A., and other Countries, is no longer sustainable or acceptable. Conversely, and based on the fac"
U," that he's backing down from tariffs.

He can save-face all he wants, it's still a positive for the U.S. economy to start backtracking on tariffs and get back to a sense of economic normalcy."
U,"Tomorrow's headline:

U.S. Revokes Sunday's revocation of Friday's Tariff Exemption on Electronics and Semiconductors."
U,"China signaled it wouldnâ€™t continue to match any levy increases by the U.S., saying American imports are no longer marketable under current levels. Beijing said if the U.S."
U,"he U.S., saying American imports are no longer marketable under current levels. Beijing said if the U.S. continues to put additional tariffs on Chinese goods, it will disregard them.

ðŸ˜‚"
U,"riff levels, there is no market acceptance possibility for American goods exported to China. if the U.S. subsequently imposes additional tariffs on Chinese exports to the United States, the Chinese sid"
U,"* Tariffs â†’ inflation and slower growth
* Loss of global trust â†’ selloff in U.S. Treasuries
* High debt + rising rates â†’ unsustainable borrowing
* All this together â†’ potential "
U,China and U.S. will reach an agreement and markets will rally again watch
U,"y. At some point, hopefully in the near future, China will realize that the days of ripping off the U.S.A., and other Countries, is no longer sustainable or acceptable. Conversely, and based on the fac"
U," that he's backing down from tariffs.

He can save-face all he wants, it's still a positive for the U.S. economy to start backtracking on tariffs and get back to a sense of economic normalcy."
S,U.S. Revokes Friday's Tariff Exemption on Electronics and Semiconductors 
S,U.S. Revokes Friday's Tariff Exemption on Electronics and Semiconductors 
S,"Tomorrow's headline:

U.S. Revokes Sunday's revocation of Friday's Tariff Exemption on Electronics and Semiconductors."
S,"> the stock market is recovering ?


S&P down 3.7% past month.Â  Down 7.3% past six months.Â  I don't see recent volatility as a recovery at"
S,quick check in Kerbal before strapping astronauts to the rocket. Canâ€™t see any downside here. Slash S
S," At some point, hopefully in the near future, China will realize that the days of ripping off the U.S.A., and other Countries, is no longer sustainable or acceptable. Conversely, and based on the fact "
S,"hat he's backing down from tariffs.

He can save-face all he wants, it's still a positive for the U.S. economy to start backtracking on tariffs and get back to a sense of economic normalcy."
S,"Tomorrow's headline:

U.S. Revokes Sunday's revocation of Friday's Tariff Exemption on Electronics and Semiconductors."
S,"illin comes from China ! 

Have a headache and need Advil - active ingredients come from India. 

P.S. one of Organge Ulcerâ€™s first Executive order was to roll back price protection on insulin."
S,"China signaled it wouldnâ€™t continue to match any levy increases by the U.S., saying American imports are no longer marketable under current levels. Beijing said if the U.S. c"
S," U.S., saying American imports are no longer marketable under current levels. Beijing said if the U.S. continues to put additional tariffs on Chinese goods, it will disregard them.

ðŸ˜‚"
S,"ff levels, there is no market acceptance possibility for American goods exported to China. if the U.S. subsequently imposes additional tariffs on Chinese exports to the United States, the Chinese side "
S,"* Tariffs â†’ inflation and slower growth
* Loss of global trust â†’ selloff in U.S. Treasuries
* High debt + rising rates â†’ unsustainable borrowing
* All this together â†’ potential sy"
S,"t it feels like under supreme leader Donnie.

And Thank You for MAWA (Make America Witless Again)

/S"
S,China and U.S. will reach an agreement and markets will rally again watch
S," At some point, hopefully in the near future, China will realize that the days of ripping off the U.S.A., and other Countries, is no longer sustainable or acceptable. Conversely, and based on the fact "
S,"hat he's backing down from tariffs.

He can save-face all he wants, it's still a positive for the U.S. economy to start backtracking on tariffs and get back to a sense of economic normalcy."
S,"illin comes from China ! 

Have a headache and need Advil - active ingredients come from India. 

P.S. one of Organge Ulcerâ€™s first Executive order was to roll back price protection on insulin."
USD,"Nasdaq didnt reclaim 10%. Dollar lost 9%. Comparing QQQ with EQQQ, and EUR/USD for comparison. I'm not an expert but seems to me there wasn't that much recovery at all."
USD,"[Leveraged Forex] Betting on the Euro to replace the USD as the world's reserve currency [<Imgur link to position>](https://imgur.com/a/C3pBD94)

Ignore the"
USD,"e world's reserve currency [<Imgur link to position>](https://imgur.com/a/C3pBD94)

Ignore the long USD short yuan position, I was bullish the differential between the two until recently, and it'll be go"
USD,"position, I was bullish the differential between the two until recently, and it'll be gone for more USD.EUR after China reports export data in 5 minutes. I'll probably settle somewhere between 200k to 25"
USD,"down to it. I was on the permabull train just out of raw inertia; I'm Canadian and investing in the USD and levered ETFs over the last 8 years has genuinely changed the trajectory my life. 

So, what's n"
USD,"ir situation is nearly as fucked as it's been historically. They don't need to totally supplant the USD, they just need to present themselves as a stable alternative that can actually drive growth, which"
USD,"le alternative that can actually drive growth, which they've already been pretty successful at; the USD.EUR and the yield spreads between German and US bonds have been generationally positive in the EU's"
USD,Companies with larger fixed USD debt? With this whole treasuries issue if could be good to look for companies with large fixed term
USD,"ebt? With this whole treasuries issue if could be good to look for companies with large fixed terms USD debt.

If the currency gets stuffed via interest/inflation etc, which seems increasingly possible, "
USD,"ebt drastically reduced if there terms are fixed, like on the flip side companies that hold massive USD bond/cash reserves will lose a chuck of coin.

Its a loose theory but might be worth looking at if "
USD,"Nasdaq didnt reclaim 10%. Dollar lost 9%. Comparing QQQ with EQQQ, and EUR/USD for comparison. I'm not an expert but seems to me there wasn't that much recovery at all."
USD,"also why GLD is making so much gains, it's not just that GLD is becoming more sought after, but GLD/USD also is becoming an increasingly joke pairing.

Same goes for BTC/USD."
USD,"ng more sought after, but GLD/USD also is becoming an increasingly joke pairing.

Same goes for BTC/USD."
USD,"Well, if QQQ is falling in USD, and the euro is rising, then the (unhedged) EQQQ is getting hit twice:
- Once from the underlying "
USD,":
- Once from the underlying tech selloff
- Again from the currency revaluation (stronger EUR makes USD assets cheaper)

This is an example of how currency strength can exacerbate drawdowns for internati"
USD,"Drop baby drop!

My company bid several jobs back in December at the then current USD/CAD exchange rate.  The rate is down $0.05 from there.  On $2,000,000 worth of product that's like "
USD,"If yields are going up and USD is devaluing, then your gains in the stock market don't represent a true increase in wealth"
USD,All propped up by a falling USD. Gilded market...
USD,"if USD is ass, EURO will be more ass."
USD,If I were betting against the USD I'd want to buy gold.
USD,"bilities on their nation and confers rights to people that the far right wants to demonize.

If the USD falls, the Euro isn't likely to pickup the slack. No idea if the Yuan could, China plays fast and l"
USD,"oritarian governance it lacks transparency and trustworthiness.

tbh idk where the world goes after USD..."
USD,Even China doesnâ€™t want the Yuan to be the reserve currency - USD is here to stay
USD,ion like none other. Europeans donating their euros via foolish options so they can be converted to USD by some Wall Street trader in Manhattan
USD,"BUD used to have a massive load of USD debt and cash flow was in other currencies besides USD like EUR,BRL, Mexican Peso... debt load is s"
USD,"BUD used to have a massive load of USD debt and cash flow was in other currencies besides USD like EUR,BRL, Mexican Peso... debt load is still rather high but very managable wich makes it a goo"
USD, them by getting rid of companies with low quick ratios. ofc you probably have to factor in that if USD is getting crushed bc of elongated tariff policies that retaliatory tariffs probably hit exports ha
USD,"also why GLD is making so much gains, it's not just that GLD is becoming more sought after, but GLD/USD also is becoming an increasingly joke pairing.

Same goes for BTC/USD."
USD,"ng more sought after, but GLD/USD also is becoming an increasingly joke pairing.

Same goes for BTC/USD."
USD,"Well, if QQQ is falling in USD, and the euro is rising, then the (unhedged) EQQQ is getting hit twice:
- Once from the underlying "
USD,":
- Once from the underlying tech selloff
- Again from the currency revaluation (stronger EUR makes USD assets cheaper)

This is an example of how currency strength can exacerbate drawdowns for internati"
USD,"Drop baby drop!

My company bid several jobs back in December at the then current USD/CAD exchange rate.  The rate is down $0.05 from there.  On $2,000,000 worth of product that's like "
USD,So what the point of going cash or making more cash with puts if the USD becomes worthless? We just F-ed in the US because of these dimwits??
QQQ,"Nasdaq didnt reclaim 10%. Dollar lost 9%. Comparing QQQ with EQQQ, and EUR/USD for comparison. I'm not an expert but seems to me there wasn't that much rec"
QQQ,"Nasdaq didnt reclaim 10%. Dollar lost 9%. Comparing QQQ with EQQQ, and EUR/USD for comparison. I'm not an expert but seems to me there wasn't that much rec"
QQQ,"down 50% today)

SPY 533P 4/16  
SPY 515P 4/10  
SPY 498P 4/11  
AAPL 180P 5/9  
TSLA 232.5P 4/11  
QQQ 415P 4/14"
QQQ,"Well, if QQQ is falling in USD, and the euro is rising, then the (unhedged) EQQQ is getting hit twice:
- Once fr"
QQQ,"Well, if QQQ is falling in USD, and the euro is rising, then the (unhedged) EQQQ is getting hit twice:
- Once fr"
QQQ,I got 1000% today on my 440 QQQ call for Friday and was happy until I saw this
QQQ, leveraged ETFs and you know about the decayâ€¦ youâ€™re inviting that stress back in. Just buy regular QQQ and live your life in peace. You already know this is a bad idea
EUR,"Nasdaq didnt reclaim 10%. Dollar lost 9%. Comparing QQQ with EQQQ, and EUR/USD for comparison. I'm not an expert but seems to me there wasn't that much recovery at all."
EUR,"tion, I was bullish the differential between the two until recently, and it'll be gone for more USD.EUR after China reports export data in 5 minutes. I'll probably settle somewhere between 200k to 250k E"
EUR,"R after China reports export data in 5 minutes. I'll probably settle somewhere between 200k to 250k EUR.

Over the last few days, I've started to actually believe that mango man actually believes in his "
EUR,"arket/bond market, and no currency controls**. And we're seeing that recently, with a huge shift to EUR-denominated assets in the face of questionable sanity on the US side. I've personally seen enough, "
EUR,"lternative that can actually drive growth, which they've already been pretty successful at; the USD.EUR and the yield spreads between German and US bonds have been generationally positive in the EU's fav"
EUR,"Nasdaq didnt reclaim 10%. Dollar lost 9%. Comparing QQQ with EQQQ, and EUR/USD for comparison. I'm not an expert but seems to me there wasn't that much recovery at all."
EUR," hit twice:
- Once from the underlying tech selloff
- Again from the currency revaluation (stronger EUR makes USD assets cheaper)

This is an example of how currency strength can exacerbate drawdowns for"
EUR,"we're seeing that recently, with a huge shift to EUR-denominated assets

Is this huge shift in the room with us?"
EUR,"BUD used to have a massive load of USD debt and cash flow was in other currencies besides USD like EUR,BRL, Mexican Peso... debt load is still rather high but very managable wich makes it a good pick (i"
EUR," hit twice:
- Once from the underlying tech selloff
- Again from the currency revaluation (stronger EUR makes USD assets cheaper)

This is an example of how currency strength can exacerbate drawdowns for"
AI,"Nvidia commits $500 billion to AI infrastructure buildout in US, will bring supercomputer production to Texas https://finance.yahoo.c"
AI,AI Drug Sector Mania Is Starting On FDA Announcement Of Replacing Animal Testing With AI-based models 
AI,AI Drug Sector Mania Is Starting On FDA Announcement Of Replacing Animal Testing With AI-based models [https://www.reuters.com/world/us/us-fda-phase-out-animal-testing-drug-development-202
AI,"animal-testing-drug-development-2025-04-10/)

**TLDR:** FDA is Ditching Drug testing on animals for AI Drug Models â€” ABSCI, $RXRX, and $SDGR Bull Run has just started. IMO that this is the year for AI D"
AI,"r AI Drug Models â€” ABSCI, $RXRX, and $SDGR Bull Run has just started. IMO that this is the year for AI Drug Discovery and it reminds me of how quantum stocks rose.

So the FDA announced Last Thursday th"
AI,"sday that theyâ€™re beginning to phase out animal testing for drug development, and replacing it with AI models to simulate how drugs behave in the body, and lab-grown human organoids (little fake livers "
AI,"the lab).

Companies that provide strong non-animal safety data might even get faster FDA reviews.

AI Drug Discovery Stocks started to move on Friday:

* ABSCI Up 13%
* $RXRX up 25%
* SDGR up 17%

Here"
AI,"ted to move on Friday:

* ABSCI Up 13%
* $RXRX up 25%
* SDGR up 17%

Hereâ€™s why this is a big deal. AI platforms can drastically reduce the time and cost it takes to develop a new drug. Instead of runni"
AI," a drug will behave â€” and potentially get those results accepted by the FDA. That alone makes these AI tools way more attractive to big pharma(Leading them to outsource to these companies their R&D).

S"
AI,"hrÃ¶dinger to run their research of future potential drugs. This adds a new revenue stream for these AI Discovery companies through licensing deals, research collaborations, and long-term co-development "
AI,"Services let companies skip building their own servers â€” now drugmakers can skip building their own AI drug discovery stack.**

Also, with the FDA giving the green light to non-animal testing, these AI "
AI," AI drug discovery stack.**

Also, with the FDA giving the green light to non-animal testing, these AI drug discovery companies just became way more attractive as **buyout targets** for big pharma. Inst"
AI,"just became way more attractive as **buyout targets** for big pharma. Instead of building their own AI infrastructure from scratch, itâ€™s now faster and cheaper for legacy pharma giants to just **acquire"
AI," a huge red flag indicating a looming recession, especially since the market was still pumping.

\- AI Bubble: I think AI is heavily over-hyped, and the rise of NVDA/Tech stocks were not really warrante"
AI,"dicating a looming recession, especially since the market was still pumping.

\- AI Bubble: I think AI is heavily over-hyped, and the rise of NVDA/Tech stocks were not really warranted. I saw this as a "
AI,"It's not AI , Its A1 . Renamed by US education secretary  few days back."
AI,"alt-right revolution that will destroy your so called capable institutions. The EU can't produce an AI model nor a semiconductor at scale. It has no hyperscaler, its armies are weak. The global south de"
AI,"This shit can't be real.

Using AI to develop drugs is a whole different thing to using it for testing drugs.

One is efficiency the o"
AI,"yes because AI is the closest representation to humans...

we're so fucked with the next pandemic"
AI,"Wait, so they're swapping out actual testing in favor of AI hallucinations? I'm sure there's absolutely no way that could go wrong."
AI,"I work in pharma.

There is no way AI models or any other in vitro/in silico model is even remotely close to being good enough to replace"
AI,"e still not predictive enough and many of these models rely on in vivo data. 

Maybe in 10-15 years AI can do more predictive stuff. Big maybe."
AI,"If you like gambling invest in this in the short term. In the real world AI cannot replace animal testing, at least for now and probably not for another decade.

We are throwi"
AI,"y that is already being used for its practical purposes and has not proven useful outside of that. ""AI"" has existed for a while but what we are talking about here is pure hype. FDA AI drug testing is ab"
AI," outside of that. ""AI"" has existed for a while but what we are talking about here is pure hype. FDA AI drug testing is about as real as robotaxis at the moment and even less likely in the next 5 years. "
AI,USE OUR AI USE OUR AI PLEASE USE OUR AI CMON ITS THE NEXT BIG THING ITS THE BIGGEST OF THINGS ITS OUR SAVIOR U
AI,USE OUR AI USE OUR AI PLEASE USE OUR AI CMON ITS THE NEXT BIG THING ITS THE BIGGEST OF THINGS ITS OUR SAVIOR USE THE AI P
AI,USE OUR AI USE OUR AI PLEASE USE OUR AI CMON ITS THE NEXT BIG THING ITS THE BIGGEST OF THINGS ITS OUR SAVIOR USE THE AI PLEASE PLEASE PLEAS
AI,R AI PLEASE USE OUR AI CMON ITS THE NEXT BIG THING ITS THE BIGGEST OF THINGS ITS OUR SAVIOR USE THE AI PLEASE PLEASE PLEASE USE IT OUR AI WILL BRING US INTO A GOLDEN AGE OF ETERNAL LIFE AMONG THE GLIMME
AI," NEXT BIG THING ITS THE BIGGEST OF THINGS ITS OUR SAVIOR USE THE AI PLEASE PLEASE PLEASE USE IT OUR AI WILL BRING US INTO A GOLDEN AGE OF ETERNAL LIFE AMONG THE GLIMMERING STARS

WANNA WRITE A BOOK? AI!"
AI," AI WILL BRING US INTO A GOLDEN AGE OF ETERNAL LIFE AMONG THE GLIMMERING STARS

WANNA WRITE A BOOK? AI! WANNA WRITE AN ESSAY? AI! WANNA MAKE ART? AI! WANNA TEST DRUGS? AI! WANNA TEST AIRFRAMES? AI! WANN"
AI,"OLDEN AGE OF ETERNAL LIFE AMONG THE GLIMMERING STARS

WANNA WRITE A BOOK? AI! WANNA WRITE AN ESSAY? AI! WANNA MAKE ART? AI! WANNA TEST DRUGS? AI! WANNA TEST AIRFRAMES? AI! WANNA SEE GOD? AI! WANNA REWRI"
AI," LIFE AMONG THE GLIMMERING STARS

WANNA WRITE A BOOK? AI! WANNA WRITE AN ESSAY? AI! WANNA MAKE ART? AI! WANNA TEST DRUGS? AI! WANNA TEST AIRFRAMES? AI! WANNA SEE GOD? AI! WANNA REWRITE HISTORY? AI! WANN"
AI,"RING STARS

WANNA WRITE A BOOK? AI! WANNA WRITE AN ESSAY? AI! WANNA MAKE ART? AI! WANNA TEST DRUGS? AI! WANNA TEST AIRFRAMES? AI! WANNA SEE GOD? AI! WANNA REWRITE HISTORY? AI! WANNA SEE HOW BAD AI IS FO"
AI,BOOK? AI! WANNA WRITE AN ESSAY? AI! WANNA MAKE ART? AI! WANNA TEST DRUGS? AI! WANNA TEST AIRFRAMES? AI! WANNA SEE GOD? AI! WANNA REWRITE HISTORY? AI! WANNA SEE HOW BAD AI IS FOR THE ENVIRONMENT? HAHA YO
AI,TE AN ESSAY? AI! WANNA MAKE ART? AI! WANNA TEST DRUGS? AI! WANNA TEST AIRFRAMES? AI! WANNA SEE GOD? AI! WANNA REWRITE HISTORY? AI! WANNA SEE HOW BAD AI IS FOR THE ENVIRONMENT? HAHA YOU GUESSED IT!!! AI!
AI," ART? AI! WANNA TEST DRUGS? AI! WANNA TEST AIRFRAMES? AI! WANNA SEE GOD? AI! WANNA REWRITE HISTORY? AI! WANNA SEE HOW BAD AI IS FOR THE ENVIRONMENT? HAHA YOU GUESSED IT!!! AI!

I FUCKING HATE AI"
AI,"RUGS? AI! WANNA TEST AIRFRAMES? AI! WANNA SEE GOD? AI! WANNA REWRITE HISTORY? AI! WANNA SEE HOW BAD AI IS FOR THE ENVIRONMENT? HAHA YOU GUESSED IT!!! AI!

I FUCKING HATE AI"
AI," AI! WANNA REWRITE HISTORY? AI! WANNA SEE HOW BAD AI IS FOR THE ENVIRONMENT? HAHA YOU GUESSED IT!!! AI!

I FUCKING HATE AI"
AI,"ISTORY? AI! WANNA SEE HOW BAD AI IS FOR THE ENVIRONMENT? HAHA YOU GUESSED IT!!! AI!

I FUCKING HATE AI"
AI,"esults with to actual animal testing ? I couldn't fin one in the article ? That also means that the AI will have to run on data that are 100%  accurate, unlike the one that were published on the last fa"
AI,"can begin to reduce doing horrible shit to animals. Idk it doesnâ€™t seem bad.

Unless of course this AI training ends up being. Way less effective. Than thatâ€™s a different discussion i guess."
AI,"BV, and actually get rich cause these are the type of players with the actual money to benefit from AI drug discovery, and you can bet that they already are researching it."
AI,"Just wrote this on the NVID post...

Wolfspeed, Inc. (WOLF) is an AI play that will fly soon. @ $2.17 a share it's at it's bottom(it recently hit it's triple bottom and"
AI,fely and efficacy prior to humans trials. They are trying to use more human relevant models such as AI and human organ-on-a-chip. The latter technology has been around for a decade or so and aims to sim
AI,"has been around for a decade or so and aims to simulate humans organs.  

Everyone is keying on the AI part, but I think testing drugs on lab grown organs is a more important take away considering the c"
AI,b grown organs is a more important take away considering the current state of both organ models and AI drug modeling.
AI,AI drug discovery is the real thing here
AI,"I used to work in drug discovery and AI.  Labs already routinely test drugs on live cells and organoids.  Despite what you may have heard, "
AI,".  Labs already routinely test drugs on live cells and organoids.  Despite what you may have heard, AI models suck at drug discovery, let alone at efficacy and safety prediction.  The space of unknowns "
AI,"on that doesn't damage the drug molecules is the single largest bottleneck in drug development. Pre AI computer models are very limited to human inputs.

Enter AI--now the models can immediately identif"
AI,"est bottleneck in drug development. Pre AI computer models are very limited to human inputs.

Enter AI--now the models can immediately identify what's causing a protein to breakdown, make adjustments an"
AI,"honestly, I'd feel safer with AI car crash simulations than AI drug testing.

Physics behavior, material components, and engineering"
AI,"honestly, I'd feel safer with AI car crash simulations than AI drug testing.

Physics behavior, material components, and engineering is all known. Theoretically a"
AI," hand, still has a lot more unknowns and interdependencies still being uncovered. I would hope that AI is only used for fine-tuning initial development and further testing is being done on rats, then hu"
AI,"The announcement wasn't about AI modeling specifically... yes AI modeling of drug absorption, metabolism in vivo is part of it. The "
AI,"The announcement wasn't about AI modeling specifically... yes AI modeling of drug absorption, metabolism in vivo is part of it. The main change in my opinion was th"
AI,"d and were due for at least a correction long before this tariff nonsense. 

Add to this a possible AI bubble forming, high inflation, and astronomical US debt levels, and the picture is unfortunately s"
US,"Nvidia commits $500 billion to AI infrastructure buildout in US, will bring supercomputer production to Texas https://finance.yahoo.com/news/nvidia-commits-500-bil"
US,"US looking to break up META? Trial starts today Will it happen? Stock price seems wavering

Also, dear"
US,"n actually believes in his stupid tariff nonsense, which has dramatically changed my outlook on the US economy. Let's lay out the current market situation;

- Treasury yields are spiking despite a huge "
US,"gerous than an idealist who think they're doing right.
- Going back to the yields for a second, the US is on a totally unsustainable fiscal path. Spending is at 6.2% of GDP [\(FRED link\)](https://fred."
US,"onomic Association](https://www.aeaweb.org/articles?id=10.1257/aer.20190611). Good luck selling the US public on this.
- **The administration is jam packed with questionably sane ideologues.** I mean, N"
US,"o, really? The living personification of ""Source? It came to me in a dream."" Holy shit man.
- **The US government has suffered one of the worst brain-drains a modern institution ever has in these last 3"
US,"hat recently, with a huge shift to EUR-denominated assets in the face of questionable sanity on the US side. I've personally seen enough, so I'm willing to bet on tariff man actually going through with "
US,"ina's over a long enough period of time, and pretty much everyone can see that. There's no shot the US competes with China's insanely focused industrial policy either, but the US obviously has the domes"
US,"at. There's no shot the US competes with China's insanely focused industrial policy either, but the US obviously has the domestic economy running (sort of) perfectly.

What's been changing the calculus "
US,"c economy running (sort of) perfectly.

What's been changing the calculus for me really is that the US policy has gone from ""basically flawless"" to ""basically incoherent"". Genuinely starting a global tr"
US,ich they've already been pretty successful at; the USD.EUR and the yield spreads between German and US bonds have been generationally positive in the EU's favor these last few weeks.
US,China announces 84% retaliatory tariffs on US goods 
US,Trump says US will soon announce tariffs on pharmaceutical imports Iâ€™m sure this will be fantastic for drug price
US,China Raises Tariffs on US Goods to 125% in Retaliation 
US,US Commerce Secretary says exempted electronic products to come under separate tariffs https://www.reu
US,"g the biggest risk of my life with such high confidence that the market would crash short-term.

\- US National Debt: We've reached a staggering $36 trillion debt, a large increase of 8 trillion post-co"
US,China announces 84% retaliatory tariffs on US goods 
US,Trump says US will soon announce tariffs on pharmaceutical imports Iâ€™m sure this will be fantastic for drug price
US,dollar just keeps going down. Not fun for us who use another currency than dollar when investing in US stocks. We are also exposed to the dollar risk.
US,"ent on Shrek's wild ride.

It's not that stocks increased wildly in valuation during that time--the US dollar was simply dropping like a rock in value.

I've gone heavy gold because even if gold's value"
US,Can someone pinpoint where the US winning starts?
US,"Apple has been claiming to build a $500 billion plant in the US for like 3 presidents lol. Good if true, but I won't give them anything until they start producing"
US,"rticle

Are they investing 500bn to build stuff, or are they building 500bn worth of product in the US?"
US,"Apple has announced multi-billion dollar ""investments"" into the US several times since 2016. Trump loves these announcements because it gives him headlines he can poi"
US,"it just means spending money on a bunch of data centers which they were planning on building in the US, or lumping in the cost of R&D which was already being done domestically anyway. Ultimately they am"
US,"It's not AI , Its A1 . Renamed by US education secretary  few days back."
US,People are losing faith in all US financial institutions at the moment. I think the pain has only started.
US,Iâ€™m not fucking going back into the US market anytime soon. The last two week where a mess. Itâ€™s completely unpredictable.
US,"e of years when everything is so uncertain and other countries are selling and pulling money out of US markets. TQQQ is a depreciating ETF. The longer you hold it, the more value it loses, not a good ti"
US, the economy leading the EU to usually run trade surpluses. EU exports make up 52% of the EUâ€™s GDP. US exports make up only 11% of US GDP. The EU is massively more reliant on exports than the US is and 
US,usually run trade surpluses. EU exports make up 52% of the EUâ€™s GDP. US exports make up only 11% of US GDP. The EU is massively more reliant on exports than the US is and itâ€™s much harder for the EU to 
US,"â€™s GDP. US exports make up only 11% of US GDP. The EU is massively more reliant on exports than the US is and itâ€™s much harder for the EU to run trade deficits.

Thereâ€™s so many other problems that then"
US,o massively increase defense spending due to a hostile and imperialistic Russia and an isolationist US. The EUâ€™s awful internal demographics (relative to US demographics) will suppress internal consumpt
US," and imperialistic Russia and an isolationist US. The EUâ€™s awful internal demographics (relative to US demographics) will suppress internal consumption even further, at the same time that Europeâ€™s manuf"
US,"st of the gas and oil used in Europe is controlled by potential adversaries or autocracies (Russia, US, Azerbaijan, Iran, Gulf Arabs, Libya, Algeria, etcâ€¦) and is no longer exactly cheap for their indus"
US,"EU zone is less stable than the US, it's 20+ sovereign states dressed up in a trenchcoat. Remember that big old crisis in the Eurozone"
US,When has betting against the US ever worked?
US,"You must me out of your mind to think EU will replace US as the economic center.

First most of Eu is socialist, we have our retirement planned by the gov. "
US," as well as massive amounts of natural resources.

The Panama canal and Suez canal are protected by US ships. All other shipping choke points as well. The US would block these shipping routes or tax the"
US,"Panama canal and Suez canal are protected by US ships. All other shipping choke points as well. The US would block these shipping routes or tax them if the EU tried to make a run on the dollar. 

Europe"
US,"on inputs in the world. 

All of the Asian countries would be suicidal to move to Euros because the US's loss means they fall into the Chinese sphere of influence. This is the same for all Sunni Muslim "
US,"G ITS THE BIGGEST OF THINGS ITS OUR SAVIOR USE THE AI PLEASE PLEASE PLEASE USE IT OUR AI WILL BRING US INTO A GOLDEN AGE OF ETERNAL LIFE AMONG THE GLIMMERING STARS

WANNA WRITE A BOOK? AI! WANNA WRITE A"
US,"s.

Wolfspeed is a 100% made in the USA chip company, and Trump wants to keep the manufacturing and US employees here - so hopefully we will have an announcement soon, and once it starts it's upward tre"
US,"Jinping will thank the President for temporarily lifting tariffs on 25% of his exports (because the US heavily relies on them) while continuing the embargo on the remaining 75%?  Nah, I think China will"
US,"The president just said he's going to exile US citizens to El Salvadoran gulags and the markets just like ""ok but what about semiconductor exempti"
US,"â€œThe US will 100% not face a recession this yearâ€ 

Do these guys really not give any fucks about their cre"
US,Berkshire holds a ton of US treasuries. Not sure how long to expiration though. My guess is mostly short term.
US,"sury yields and higher uncertainty will lead to higher interest on those debts in the long run.

If US 30Y brings 5% or more, nobody will lend your B- rated shitco money for less then two digits interes"
US,"you can try to find this by looking up US-based companies where a large percentage of their earnings are exports, and then looking at the deb"
US,The entire US market is going to see multiple contractions throughout this year if the administration holds pat o
US, home. Now people have less money and travel industry could be taking a much longer term hit due to US policies.Â 
US,"I totally believe there are pump-and-dumpers in the admin, but 1 pm was the US 10y auction that cleared 3 bps through and led to a small relief rally in equities and bonds."
US,"WHY IS THIS GOOD NEWS?!

The majority of US trade is still under active trade war."
US,"used for 90 days on non-retaliating countries, Trump says
* China responds to with an 84% tariff on US products
* EU adopts duties on $23 billion of US goods in metals dispute
* Stocks gain in US tradin"
US,"ump says
* China responds to with an 84% tariff on US products
* EU adopts duties on $23 billion of US goods in metals dispute
* Stocks gain in US trading; Treasury yields climb
* Bessent says bond move"
US,"iff on US products
* EU adopts duties on $23 billion of US goods in metals dispute
* Stocks gain in US trading; Treasury yields climb
* Bessent says bond moves normal, urges China restraint on yuan

# ["
US,"This virtually stops all commerce between US and China, isn't it?"
US,Now the US is announcing delisting china stocks
US,Canâ€™t they create a script to automate these as the US announces theirs?
US,TEMU is going to compete with Gucci for status symbol items in the US
US,"Still cheaper than making it in the US, and the only person paying for it is the consumer."
US,dollar just keeps going down. Not fun for us who use another currency than dollar when investing in US stocks. We are also exposed to the dollar risk.
US,"ent on Shrek's wild ride.

It's not that stocks increased wildly in valuation during that time--the US dollar was simply dropping like a rock in value.

I've gone heavy gold because even if gold's value"
US,Can someone pinpoint where the US winning starts?
US,the way he talks i feel like his staff still hasn't told him US citizens will be paying for these price increases.  Or he just doesn't give a fuck.
US,"and ! 

Dying of Sepsis because your insulin that was made in Norway is no longer affordable in the US ? Tough luck, Penicillin comes from China ! 

Have a headache and need Advil - active ingredients c"
US,"Ok, this one confuses me. Arenâ€™t US pharmaceutical drugs (even with other countries tariffs) much cheaper in every other country?  What"
US,ther countries?  What we have are greedy pharmaceutical companies (who are often funded research by US taxpayers) getting the US citizens to pay for everyoneâ€™s else gross margin.  I donâ€™t see the angle.
US,ave are greedy pharmaceutical companies (who are often funded research by US taxpayers) getting the US citizens to pay for everyoneâ€™s else gross margin.  I donâ€™t see the angle.  My guess is a lot of the
US,Okay so which companies import most of pharma to US? ![img](emote|t5_2th52|4267)
US,By far the single dumbest administration in US history and itâ€™s not even close.
US,Still cheaper than producing in US.
US,And in a few minutes US will raise tariffs on China goods to 186%. Nice game.
US,I initially thought US exports will make up to 30-40% of all chinese exports. Just found out it's merely ~15%. The Chinese
US,"China Raises Tariffs on US to 125% and **Says It Wonâ€™t Go Higher**

  
I guess that's it for now, right? Right?"
US,can i bet on US or China tariffs? it's probably an easier play than the market right now
US,China is dumping US treasuries and they own like $700 billionÂ 
US,Good bye tax cuts? I mean this is going to eviscerate the US budget if they can't stop the bleeding.
US,"If this keeps up this could be the biggest financial crisis in US history.

Like fast tracking great depression bad."
US,point of going cash or making more cash with puts if the USD becomes worthless? We just F-ed in the US because of these dimwits??
US,This is those in control of the global markets really flexing their power over Trump and the US. the threat of refocusing trade on the Chinese investment market is designed to be a gauntlet being
US,Another tactic in this trade war? It's no secret money has been flowing out of US
US,"BREAKING: The US publishes reciprocal tariff exclusions for computers, smartphones, and chip-making equipment.

Just"
US," this tariff nonsense. 

Add to this a possible AI bubble forming, high inflation, and astronomical US debt levels, and the picture is unfortunately still quite bleak. Oh and did I mention all this tari"
US,".9\*365=4.84

So all this rush and scrambling, just 5 days' sales inventory.

Or as it's shipped to US for US market only

>In 2024, Apple sold an estimatedÂ 155 millionÂ iPhones in the US market.Â 

3/155"
US,"=4.84

So all this rush and scrambling, just 5 days' sales inventory.

Or as it's shipped to US for US market only

>In 2024, Apple sold an estimatedÂ 155 millionÂ iPhones in the US market.Â 

3/155\*365= "
US,"it's shipped to US for US market only

>In 2024, Apple sold an estimatedÂ 155 millionÂ iPhones in the US market.Â 

3/155\*365= 7

Still just a week's relief, definitely won't outlast Trump's next mercuria"
US," a lot more expensive, between tariffs, USA demanding they be made in the USA and Europe boycotting US products and negating the iPhones economy of scale"
US,"the production costs, which aren't high, say $300.

Then the software, apps etc is installed in the US, all US made, no tariffs. The end price is the price of the tariffed hardware plus the price of the"
US,"uction costs, which aren't high, say $300.

Then the software, apps etc is installed in the US, all US made, no tariffs. The end price is the price of the tariffed hardware plus the price of the non-tar"
US,"ign parts, where the foreign part pay the tariff but the rest of the car doesn't.

Some work in the US, but it saves a lot (and it adds jobs in the US)."
US," but the rest of the car doesn't.

Some work in the US, but it saves a lot (and it adds jobs in the US)."
US,"I totally believe there are pump-and-dumpers in the admin, but 1 pm was the US 10y auction that cleared 3 bps through and led to a small relief rally in equities and bonds."
US,"WHY IS THIS GOOD NEWS?!

The majority of US trade is still under active trade war."
US,"used for 90 days on non-retaliating countries, Trump says
* China responds to with an 84% tariff on US products
* EU adopts duties on $23 billion of US goods in metals dispute
* Stocks gain in US tradin"
US,"ump says
* China responds to with an 84% tariff on US products
* EU adopts duties on $23 billion of US goods in metals dispute
* Stocks gain in US trading; Treasury yields climb
* Bessent says bond move"
US,"iff on US products
* EU adopts duties on $23 billion of US goods in metals dispute
* Stocks gain in US trading; Treasury yields climb
* Bessent says bond moves normal, urges China restraint on yuan

# ["
US,"This virtually stops all commerce between US and China, isn't it?"
US,Now the US is announcing delisting china stocks
US,Canâ€™t they create a script to automate these as the US announces theirs?
US,TEMU is going to compete with Gucci for status symbol items in the US
US,"Still cheaper than making it in the US, and the only person paying for it is the consumer."
US,the way he talks i feel like his staff still hasn't told him US citizens will be paying for these price increases.  Or he just doesn't give a fuck.
US,"and ! 

Dying of Sepsis because your insulin that was made in Norway is no longer affordable in the US ? Tough luck, Penicillin comes from China ! 

Have a headache and need Advil - active ingredients c"
US,"Ok, this one confuses me. Arenâ€™t US pharmaceutical drugs (even with other countries tariffs) much cheaper in every other country?  What"
US,ther countries?  What we have are greedy pharmaceutical companies (who are often funded research by US taxpayers) getting the US citizens to pay for everyoneâ€™s else gross margin.  I donâ€™t see the angle.
US,ave are greedy pharmaceutical companies (who are often funded research by US taxpayers) getting the US citizens to pay for everyoneâ€™s else gross margin.  I donâ€™t see the angle.  My guess is a lot of the
US,Okay so which companies import most of pharma to US? ![img](emote|t5_2th52|4267)
US,By far the single dumbest administration in US history and itâ€™s not even close.
USA,"D link\)](https://fred.stlouisfed.org/series/FYFSGDA188S). That's fucking bonkers for the peacetime USA. And what does the fine president want to do? **Tax cuts.** Brother, what? But wait, there's more!
"
USA,"hort-term and has been building up the political capital to do just that.** Let me repeat that: the USA already has an insane deficit, *in good times*, so ***we're going to actively make things worse.***"
USA,"forward that I think they're gonna at least try to pivot to a domestic consumption economy like the USA. Practically speaking, there's no shot EU exports will ever be able to compete with China's over a "
USA,"se it gives him headlines he can point to so he can claim victory in forcing investment back to the USA, but in reality these are just announcements by the company with no hard plan or new money attached"
USA," It has no hyperscaler, its armies are weak. The global south despises Europe more than it does the USA due to it's colonial past.Â "
USA,"research and manufacturing of semiconductors in the United States.

Wolfspeed is a 100% made in the USA chip company, and Trump wants to keep the manufacturing and US employees here - so hopefully we wil"
USA,The USA announces âˆž tariffs on China tomorrow. China announces âˆž+1 tariffs on the USA the day after tomorro
USA,The USA announces âˆž tariffs on China tomorrow. China announces âˆž+1 tariffs on the USA the day after tomorrow. Repeat.
USA,lmao I feel for the people with product on the way to the USA from China
USA,How will the USA finance its debt?
USA,So how to invest in China? I need another market to lose money. So much winning in USA.
USA,"most USA retailers of anything will be affected by the chinese tariffs.  Talking about home depot, lowes, ha"
USA,"iPhones are about to become a lot more expensive, between tariffs, USA demanding they be made in the USA and Europe boycotting US products and negating the iPhones econom"
USA,"Phones are about to become a lot more expensive, between tariffs, USA demanding they be made in the USA and Europe boycotting US products and negating the iPhones economy of scale"
USA,The USA announces âˆž tariffs on China tomorrow. China announces âˆž+1 tariffs on the USA the day after tomorro
USA,The USA announces âˆž tariffs on China tomorrow. China announces âˆž+1 tariffs on the USA the day after tomorrow. Repeat.
USA,lmao I feel for the people with product on the way to the USA from China
EU,"tariff man actually going through with all his shit.

EDIT:
Someone posed a good question about the EU ""trade deficit"" in the comments. Here's my response;

The EU actually did run a trade deficit until"
EU,"omeone posed a good question about the EU ""trade deficit"" in the comments. Here's my response;

The EU actually did run a trade deficit until 2008, at which point things started really breaking down for"
EU,"ue that the NextGen bonds themselves are one of the most bullish developments in the history of the EU, with them finally having a risk-shared supranational bond for EU fiscal objectives. That's been ju"
EU,"evelopments in the history of the EU, with them finally having a risk-shared supranational bond for EU fiscal objectives. That's been just one part of greater Union fiscal independence; it's not just so"
EU," try to pivot to a domestic consumption economy like the USA. Practically speaking, there's no shot EU exports will ever be able to compete with China's over a long enough period of time, and pretty muc"
EU,"sumption and standard of living. There are significant benefits for a resource-poor nation like the EU to push to become a reserve currency; it makes imports cheap as hell proportionally, and dramatical"
EU,"cy; it makes imports cheap as hell proportionally, and dramatically centralizes fiscal power in the EU's hands.

I don't think their situation is nearly as fucked as it's been historically. They don't n"
EU, USD.EUR and the yield spreads between German and US bonds have been generationally positive in the EU's favor these last few weeks.
EU,"to break outside their echo chambers. If the Euro ever wanted to replace the Dollarâ€™s position, the EU would have to adopt and maintain a trade deficit with the rest of the world in order to satisfy dem"
EU,"t of the world in order to satisfy demand, like the Dollar. Thatâ€™s not going to be possible for the EU to achieve, where exports are already a very significant part of the economy leading the EU to usua"
EU,"for the EU to achieve, where exports are already a very significant part of the economy leading the EU to usually run trade surpluses. EU exports make up 52% of the EUâ€™s GDP. US exports make up only 11%"
EU,s are already a very significant part of the economy leading the EU to usually run trade surpluses. EU exports make up 52% of the EUâ€™s GDP. US exports make up only 11% of US GDP. The EU is massively mor
EU,nt part of the economy leading the EU to usually run trade surpluses. EU exports make up 52% of the EUâ€™s GDP. US exports make up only 11% of US GDP. The EU is massively more reliant on exports than the 
EU,trade surpluses. EU exports make up 52% of the EUâ€™s GDP. US exports make up only 11% of US GDP. The EU is massively more reliant on exports than the US is and itâ€™s much harder for the EU to run trade de
EU," of US GDP. The EU is massively more reliant on exports than the US is and itâ€™s much harder for the EU to run trade deficits.

Thereâ€™s so many other problems that then compound on this. The EU is now ex"
EU,"r for the EU to run trade deficits.

Thereâ€™s so many other problems that then compound on this. The EU is now expected to massively increase defense spending due to a hostile and imperialistic Russia an"
EU,ely increase defense spending due to a hostile and imperialistic Russia and an isolationist US. The EUâ€™s awful internal demographics (relative to US demographics) will suppress internal consumption even
EU,"EU zone is less stable than the US, it's 20+ sovereign states dressed up in a trenchcoat. Remember tha"
EU,"rity being imposed? Also, remember that there are far right movements close to power or in power in EU members who would love to destroy the EU because it imposes certain responsibilities on their natio"
EU,here are far right movements close to power or in power in EU members who would love to destroy the EU because it imposes certain responsibilities on their nation and confers rights to people that the f
EU,"You must me out of your mind to think EU will replace US as the economic center.

First most of Eu is socialist, we have our retirement plan"
EU,"The EU would have to partner with China to do this...which would be rather strange.

Dollar is king becaus"
EU,"ll other shipping choke points as well. The US would block these shipping routes or tax them if the EU tried to make a run on the dollar. 

Europe can't project any power beyond its borders. It lacks na"
EU,"Your assumption that the EU has political stability is based on what?
Germany just started running deficits for the first time "
EU," on the verge of an alt-right revolution that will destroy your so called capable institutions. The EU can't produce an AI model nor a semiconductor at scale. It has no hyperscaler, its armies are weak."
EU,Lutnick being the guy Trump is sending to negotiate with the EU is the most bearish news I've heard not currently being priced in by the market. A European brain w
EU,"nly people who will buy your cars (educated, rich, liberals) âœ…Â 

Antagonize foreign markets (China, EU, Canada etc.) âœ…Â 

Tariffs making rare earth metals hard to procure that you really need âœ…Â 

Over pr"
EU,"ys on non-retaliating countries, Trump says
* China responds to with an 84% tariff on US products
* EU adopts duties on $23 billion of US goods in metals dispute
* Stocks gain in US trading; Treasury yi"
EU,"market massively overreacting to this? 

We still gonna have 125% tariffs against China, and Canada/EU retaliated so those tariffs will still be active. Plus it reads like itâ€™s still a flat 10% tariff a"
EU,"ys on non-retaliating countries, Trump says
* China responds to with an 84% tariff on US products
* EU adopts duties on $23 billion of US goods in metals dispute
* Stocks gain in US trading; Treasury yi"
EU,"market massively overreacting to this? 

We still gonna have 125% tariffs against China, and Canada/EU retaliated so those tariffs will still be active. Plus it reads like itâ€™s still a flat 10% tariff a"
R,"these AI tools way more attractive to big pharma(Leading them to outsource to these companies their R&D).

So for Big Pharma it would be very cheap to partner with or license technology from Absci, Rec"
R,"n a bunch of data centers which they were planning on building in the US, or lumping in the cost of R&D which was already being done domestically anyway. Ultimately they amount to very little in real c"
R,"One the one hand we can say the R word with this administration, on the other hand I'm down $250k ![img](emote|t5_2th52|52627)"
R,C.R.E.A.M.
R,C.R.E.A.M.
BULL,$BULL - my fastest 100% gain 
BULL,$BULL - my fastest 100% gain 
BULL,A 5x on $BULL Most money I made in a short period of time just holding stocks. Shoutout to that user that mention
BULL,A 5x on $BULL Most money I made in a short period of time just holding stocks. Shoutout to that user that mention
BULL,BULL - 100% gain It's not much but it's honest work. A little Friday to Monday pump and dump.
BULL,Webull is the way I cut my losses on puts and put it all in on $BULL - itâ€™s a straight line up
BULL,Webull is the way I cut my losses on puts and put it all in on $BULL - itâ€™s a straight line up
BULL,But but....what if....it's turns into the other 4 letter word (BEAR)?...Would we still call or BULL? Or BULL crap?
BULL,but....what if....it's turns into the other 4 letter word (BEAR)?...Would we still call or BULL? Or BULL crap?
BULL,Was I the guy who mentioned BULL because I was for sure spamming it
BULL,Should've gone all in on $BULL ![img](emote|t5_2th52|4271) probably too late now
BULL,Should've gone all in on $BULL ![img](emote|t5_2th52|4271) probably too late now
SPY,"Loss Porn: SPY $515 Puts, a Masterclass in Financial Acrobatics So, I decided to spice up my Friday afternoon by p"
SPY,"Masterclass in Financial Acrobatics So, I decided to spice up my Friday afternoon by purchasing 107 SPY $515 puts set to expire today. Because you know, who needs a weekend free from anxiety?

SPY respon"
SPY,"ng 107 SPY $515 puts set to expire today. Because you know, who needs a weekend free from anxiety?

SPY responded by moonwalking to 541, turning my puts into digital fossils. Robinhood doesnâ€™t even ackno"
SPY,"ebp&s=f788c3fce00964a3a5e9f9202b6db85d3f5bda4a

Now that I've been able to cash out on the big -20% SPY crash I've anticipated, I am completely out of UVIX for now. Even if the market continues to fall, "
SPY,"e entering a trade war with China. 

Positions (been averaging down even though im down 50% today)

SPY 533P 4/16  
SPY 515P 4/10  
SPY 498P 4/11  
AAPL 180P 5/9  
TSLA 232.5P 4/11  
QQQ 415P 4/14"
SPY,"de war with China. 

Positions (been averaging down even though im down 50% today)

SPY 533P 4/16  
SPY 515P 4/10  
SPY 498P 4/11  
AAPL 180P 5/9  
TSLA 232.5P 4/11  
QQQ 415P 4/14"
SPY,"a. 

Positions (been averaging down even though im down 50% today)

SPY 533P 4/16  
SPY 515P 4/10  
SPY 498P 4/11  
AAPL 180P 5/9  
TSLA 232.5P 4/11  
QQQ 415P 4/14"
SPY,"If you were a steak, I'd send you back.

But j don't have any SPY positions open, so take my ridicule with a grain of salt."
SPY,Absolutely not. SPY 480 or lower by 4/25
SPY,"hat I'm suffering from a gambling addiction.

I now use the money I used to spend on therapy to buy SPY options"
SPY,"JD Vance drops the NCAA trophy

SPY ![img](emote|t5_2th52|53057)![img](emote|t5_2th52|53057)![img](emote|t5_2th52|53057)"
SPY,too many days that we dump in the morning pump in the afternoon and rug in the last ten minutes. is SPY a shit coin now?
SPY,EDIT: Chart is 1m timescale for SPY.
SPY,"If I buy calls, Remilia's teacup drops and so does the SPY.

If I buy puts, ~~a random dude with $8 for a verified check tweets~~ Fujiwara sets my puts on fir"
SPY,Like at this point I really donâ€™t think SPY 420 is a meme unless Congress gets some balls and stops the tariffs.
SPY,The cost of this was SPY going -20%. Iâ€™ll take it ![img](emote|t5_2th52|8882)
SPY,Dude trust me Yolo the last 18k into $SPY $480 04/18 puts on Monday. You will print and make everything back. ![img](emote|t5_2th52|4258)![im
SPY,Dude trust me Yolo the last 18k into $SPY $480 04/18 puts on Monday. You will print and make everything back. ![img](emote|t5_2th52|4258)![im
SPY,"I came back to this sub to see which one of you got ridiculously lucky with SPY calls today. For the love of God, cash out your gains ASAP."
SPY,"Since I'm full-ported in SPY puts, and STUPIDLY missed the chance to sell on Thursday, Ill agree - upvote."
SPY,"If tomorrow pumps, I'm liquidating my SPY holdings."
SPY,My 170 DTE $450 SPY puts don't care what happens tomorrow everything will break sooner or later
SPY,Terrible risk adjusted return. Longer dated SPY puts or a spread of some sort would've been way better.
SPY,I have 520 SPY puts for Friday wish me luck.
SPY,EDIT: Chart is 1m timescale for SPY.
SPY,"If I buy calls, Remilia's teacup drops and so does the SPY.

If I buy puts, ~~a random dude with $8 for a verified check tweets~~ Fujiwara sets my puts on fir"
SPY,Like at this point I really donâ€™t think SPY 420 is a meme unless Congress gets some balls and stops the tariffs.
SEC,"breakdown.

And nowâ€¦ I will rise!

The next play? Legendary.
Not â€œmade moneyâ€ legendary.
More like â€œSEC read the thread out loud during a board meetingâ€ legendary.

No research. No stop loss. Just raw, u"
SEC,Does the SEC even exist? We should defund them they donâ€™t seem to do shit
SEC,"Insert meme: â€œcall the SECâ€

Administration : â€œbut not for me!â€"
SEC,Does the SEC even exist? We should defund them they donâ€™t seem to do shit
SEC,"Insert meme: â€œcall the SECâ€

Administration : â€œbut not for me!â€"
AAL,"AAL long Airlines are at shit rn, but hereâ€™s why itâ€™ll go back up

1) basically 5y lows, recently dippe"
AAL,"Eh, prove me wrong but going long is not the feeling I've had playing with AAL recently.

  
Edit: I have 2 puts sold on AAL atm"
AAL,"t going long is not the feeling I've had playing with AAL recently.

  
Edit: I have 2 puts sold on AAL atm"
AAL,AAL been shit even before covid. Exit that shit and play something else bruh
AAL,man have you flown AAL? The employees are checked out and their pilots and crews are bottom of the barrel ass. The company
AAL,I bought some calls today but I want everyone to know itâ€™s only because everyone was saying AAL is shit- maybe inverse will finally help me
NEWS,BREAKING NEWS: Trump Says Tariffs Paused for 90 Days on Non-Retaliating Countries 
NEWS,BREAKING NEWS: Trump Says Tariffs Paused for 90 Days on Non-Retaliating Countries 
NEWS,"make sense to me. After all that news i saw some bearish signs but i thought i was tripping coz THE NEWS WERE GOOD, there was no way for it to go down and out of no where everything went down. Please some"
NEWS,"WHY IS THIS GOOD NEWS?!

The majority of US trade is still under active trade war."
NEWS,"WHY IS THIS GOOD NEWS?!

The majority of US trade is still under active trade war."
WSB,"gs, dad so mad he threatened to come to my school. I always saw people losing their life savings on WSB, never did i think it would be me.

Don't do options, you lose.

(Positions included)"
WSB,Retardation is on the menu boys! WSB is so back 
WSB,"gs, dad so mad he threatened to come to my school. I always saw people losing their life savings on WSB, never did i think it would be me.

Don't do options, you lose.

(Positions included)"
WSB,"
**User Report**| | | |
:--|:--|:--|:--
**Total Submissions** | 1 | **First Seen In WSB** | 1 week ago
**Total Comments** | 6 | **Previous Best DD** | 
**Account Age** | 7 years | | 

[**"
WSB,"1 week ago
**Total Comments** | 6 | **Previous Best DD** | 
**Account Age** | 7 years | | 

[**Join WSB Discord**](http://discord.gg/wsbverse)"
WSB,"
**User Report**| | | |
:--|:--|:--|:--
**Total Submissions** | 1 | **First Seen In WSB** | 6 months ago
**Total Comments** | 11 | **Previous Best DD** | 
**Account Age** | 2 years | | 

"
WSB,"onths ago
**Total Comments** | 11 | **Previous Best DD** | 
**Account Age** | 2 years | | 

[**Join WSB Discord**](http://discord.gg/wsbverse)"
WSB,"
**User Report**| | | |
:--|:--|:--|:--
**Total Submissions** | 2 | **First Seen In WSB** | 7 months ago
**Total Comments** | 17 | **Previous Best DD** | 
**Account Age** | 4 years | | 

"
WSB,"onths ago
**Total Comments** | 17 | **Previous Best DD** | 
**Account Age** | 4 years | | 

[**Join WSB Discord**](http://discord.gg/wsbverse)"
WSB,"
**User Report**| | | |
:--|:--|:--|:--
**Total Submissions** | 7 | **First Seen In WSB** | 2 years ago
**Total Comments** | 1487 | **Previous Best DD** | 
**Account Age** | 3 years | | 
"
WSB,"ars ago
**Total Comments** | 1487 | **Previous Best DD** | 
**Account Age** | 3 years | | 

[**Join WSB Discord**](http://discord.gg/wsbverse)"
WSB,"
**User Report**| | | |
:--|:--|:--|:--
**Total Submissions** | 2 | **First Seen In WSB** | 40 minutes ago
**Total Comments** | 1 | **Previous Best DD** | 
**Account Age** | 3 years | | 
"
WSB,"inutes ago
**Total Comments** | 1 | **Previous Best DD** | 
**Account Age** | 3 years | | 

[**Join WSB Discord**](http://discord.gg/wsbverse)"
WSB,"
**User Report**| | | |
:--|:--|:--|:--
**Total Submissions** | 3 | **First Seen In WSB** | 1 year ago
**Total Comments** | 9 | **Previous Best DD** | 
**Account Age** | 1 year | | 

[**J"
WSB," 1 year ago
**Total Comments** | 9 | **Previous Best DD** | 
**Account Age** | 1 year | | 

[**Join WSB Discord**](http://discord.gg/wsbverse)"
WSB,"
**User Report**| | | |
:--|:--|:--|:--
**Total Submissions** | 7 | **First Seen In WSB** | 4 years ago
**Total Comments** | 63 | **Previous Best DD** | 
**Account Age** | 4 years | | 

["
WSB,"years ago
**Total Comments** | 63 | **Previous Best DD** | 
**Account Age** | 4 years | | 

[**Join WSB Discord**](http://discord.gg/wsbverse)"
WSB,"WSB doesnâ€™t like your post so youâ€™re probably right.


But McKinley did one good thing. I think it was "
WSB,"
**User Report**| | | |
:--|:--|:--|:--
**Total Submissions** | 1 | **First Seen In WSB** | 4 years ago
**Total Comments** | 98 | **Previous Best DD** | 
**Account Age** | 7 years | | 

["
WSB,"years ago
**Total Comments** | 98 | **Previous Best DD** | 
**Account Age** | 7 years | | 

[**Join WSB Discord**](http://discord.gg/wsbverse)"
WSB,"
**User Report**| | | |
:--|:--|:--|:--
**Total Submissions** | 10 | **First Seen In WSB** | 1 year ago
**Total Comments** | 190 | **Previous Best DD** | 
**Account Age** | 1 year | | 

[*"
WSB," year ago
**Total Comments** | 190 | **Previous Best DD** | 
**Account Age** | 1 year | | 

[**Join WSB Discord**](http://discord.gg/wsbverse)"
WSB,"
**User Report**| | | |
:--|:--|:--|:--
**Total Submissions** | 1 | **First Seen In WSB** | 3 years ago
**Total Comments** | 2 | **Previous Best DD** | 
**Account Age** | 3 years | | 

[*"
WSB," years ago
**Total Comments** | 2 | **Previous Best DD** | 
**Account Age** | 3 years | | 

[**Join WSB Discord**](http://discord.gg/wsbverse)"
WSB,"
**User Report**| | | |
:--|:--|:--|:--
**Total Submissions** | 1 | **First Seen In WSB** | 1 month ago
**Total Comments** | 10 | **Previous Best DD** | 
**Account Age** | 3 years | | 

["
WSB,"month ago
**Total Comments** | 10 | **Previous Best DD** | 
**Account Age** | 3 years | | 

[**Join WSB Discord**](http://discord.gg/wsbverse)"
WSB,"
**User Report**| | | |
:--|:--|:--|:--
**Total Submissions** | 1 | **First Seen In WSB** | 4 months ago
**Total Comments** | 6 | **Previous Best DD** | 
**Account Age** | 1 year | | 

[*"
WSB," months ago
**Total Comments** | 6 | **Previous Best DD** | 
**Account Age** | 1 year | | 

[**Join WSB Discord**](http://discord.gg/wsbverse)"
WSB,Bulls pretending this thread is bearish so they can say they're inversing WSB lmao
WSB,"
**User Report**| | | |
:--|:--|:--|:--
**Total Submissions** | 3 | **First Seen In WSB** | 5 days ago
**Total Comments** | 264 | **Previous Best DD** | 
**Account Age** | 10 years | | 

"
WSB,"ays ago
**Total Comments** | 264 | **Previous Best DD** | 
**Account Age** | 10 years | | 

[**Join WSB Discord**](http://discord.gg/wsbverse)"
WSB,"
**User Report**| | | |
:--|:--|:--|:--
**Total Submissions** | 10 | **First Seen In WSB** | 3 years ago
**Total Comments** | 346 | **Previous Best DD** | [x](https://www.reddit.com/galler"
WSB,"s Best DD** | [x](https://www.reddit.com/gallery/1hds26p) 
**Account Age** | 10 years | | 

[**Join WSB Discord**](http://discord.gg/wsbverse)"
WSB,"
**User Report**| | | |
:--|:--|:--|:--
**Total Submissions** | 1 | **First Seen In WSB** | 1 week ago
**Total Comments** | 4 | **Previous Best DD** | 
**Account Age** | 3 years | | 

[**"
WSB,"1 week ago
**Total Comments** | 4 | **Previous Best DD** | 
**Account Age** | 3 years | | 

[**Join WSB Discord**](http://discord.gg/wsbverse)"
WSB,"
**User Report**| | | |
:--|:--|:--|:--
**Total Submissions** | 1 | **First Seen In WSB** | 3 years ago
**Total Comments** | 192 | **Previous Best DD** | 
**Account Age** | 6 years | | 

"
WSB,"ears ago
**Total Comments** | 192 | **Previous Best DD** | 
**Account Age** | 6 years | | 

[**Join WSB Discord**](http://discord.gg/wsbverse)"
WSB,"
**User Report**| | | |
:--|:--|:--|:--
**Total Submissions** | 1 | **First Seen In WSB** | 1 month ago
**Total Comments** | 1 | **Previous Best DD** | 
**Account Age** | 4 years | | 

[*"
WSB," month ago
**Total Comments** | 1 | **Previous Best DD** | 
**Account Age** | 4 years | | 

[**Join WSB Discord**](http://discord.gg/wsbverse)"
WSB,"I'm just a regarded lurker on WSB and when I see posts flare up about a particular stock that has a strong potential to pump, I'll bu"
WSB,WSB's finest ðŸ‘Œ
WSB,"
**User Report**| | | |
:--|:--|:--|:--
**Total Submissions** | 3 | **First Seen In WSB** | 1 year ago
**Total Comments** | 146 | **Previous Best DD** | 
**Account Age** | 1 year | | 

[*"
WSB," year ago
**Total Comments** | 146 | **Previous Best DD** | 
**Account Age** | 1 year | | 

[**Join WSB Discord**](http://discord.gg/wsbverse)"
WSB,WSB was invented for thisâ˜ï¸
WSB,"
**User Report**| | | |
:--|:--|:--|:--
**Total Submissions** | 4 | **First Seen In WSB** | 5 days ago
**Total Comments** | 291 | **Previous Best DD** | 
**Account Age** | 10 years | | 

"
WSB,"ays ago
**Total Comments** | 291 | **Previous Best DD** | 
**Account Age** | 10 years | | 

[**Join WSB Discord**](http://discord.gg/wsbverse)"
WSB,"
**User Report**| | | |
:--|:--|:--|:--
**Total Submissions** | 10 | **First Seen In WSB** | 4 years ago
**Total Comments** | 104 | **Previous Best DD** | 
**Account Age** | 4 years | | 

"
WSB,"ears ago
**Total Comments** | 104 | **Previous Best DD** | 
**Account Age** | 4 years | | 

[**Join WSB Discord**](http://discord.gg/wsbverse)"
WSB,"
**User Report**| | | |
:--|:--|:--|:--
**Total Submissions** | 3 | **First Seen In WSB** | 4 years ago
**Total Comments** | 123 | **Previous Best DD** | 
**Account Age** | 14 years | | 
"
WSB,"ars ago
**Total Comments** | 123 | **Previous Best DD** | 
**Account Age** | 14 years | | 

[**Join WSB Discord**](http://discord.gg/wsbverse)"
WSB,"
**User Report**| | | |
:--|:--|:--|:--
**Total Submissions** | 2 | **First Seen In WSB** | 2 years ago
**Total Comments** | 3 | **Previous Best DD** | 
**Account Age** | 4 years | | 

[*"
WSB," years ago
**Total Comments** | 3 | **Previous Best DD** | 
**Account Age** | 4 years | | 

[**Join WSB Discord**](http://discord.gg/wsbverse)"
WSB,"
**User Report**| | | |
:--|:--|:--|:--
**Total Submissions** | 5 | **First Seen In WSB** | 3 years ago
**Total Comments** | 40 | **Previous Best DD** | 
**Account Age** | 4 years | | 

["
WSB,"years ago
**Total Comments** | 40 | **Previous Best DD** | 
**Account Age** | 4 years | | 

[**Join WSB Discord**](http://discord.gg/wsbverse)"
WSB,"
**User Report**| | | |
:--|:--|:--|:--
**Total Submissions** | 1 | **First Seen In WSB** | just now
**Total Comments** | 0 | **Previous Best DD** | 
**Account Age** | 3 years | | 

[**Jo"
WSB,"| just now
**Total Comments** | 0 | **Previous Best DD** | 
**Account Age** | 3 years | | 

[**Join WSB Discord**](http://discord.gg/wsbverse)"
WSB,"
**User Report**| | | |
:--|:--|:--|:--
**Total Submissions** | 2 | **First Seen In WSB** | 2 years ago
**Total Comments** | 5 | **Previous Best DD** | 
**Account Age** | 4 years | | 

[*"
WSB," years ago
**Total Comments** | 5 | **Previous Best DD** | 
**Account Age** | 4 years | | 

[**Join WSB Discord**](http://discord.gg/wsbverse)"
WSB,"Don't listen to the naysayers, this is WSB! If this is what you believe then you give it your all! 

.....just be sure to post a follow-up whe"
WSB,"
**User Report**| | | |
:--|:--|:--|:--
**Total Submissions** | 1 | **First Seen In WSB** | 3 days ago
**Total Comments** | 6 | **Previous Best DD** | 
**Account Age** | 7 years | | 

[**"
WSB,"3 days ago
**Total Comments** | 6 | **Previous Best DD** | 
**Account Age** | 7 years | | 

[**Join WSB Discord**](http://discord.gg/wsbverse)"
WSB,"
**User Report**| | | |
:--|:--|:--|:--
**Total Submissions** | 5 | **First Seen In WSB** | 5 days ago
**Total Comments** | 295 | **Previous Best DD** | 
**Account Age** | 10 years | | 

"
WSB,"ays ago
**Total Comments** | 295 | **Previous Best DD** | 
**Account Age** | 10 years | | 

[**Join WSB Discord**](http://discord.gg/wsbverse)"
WSB,"
**User Report**| | | |
:--|:--|:--|:--
**Total Submissions** | 1 | **First Seen In WSB** | 21 hours ago
**Total Comments** | 2 | **Previous Best DD** | 
**Account Age** | 1 day | | 

[**"
WSB,"21 hours ago
**Total Comments** | 2 | **Previous Best DD** | 
**Account Age** | 1 day | | 

[**Join WSB Discord**](http://discord.gg/wsbverse)"
WSB,"
**User Report**| | | |
:--|:--|:--|:--
**Total Submissions** | 2 | **First Seen In WSB** | 1 year ago
**Total Comments** | 32 | **Previous Best DD** | 
**Account Age** | 12 years | | 

["
WSB,"year ago
**Total Comments** | 32 | **Previous Best DD** | 
**Account Age** | 12 years | | 

[**Join WSB Discord**](http://discord.gg/wsbverse)"
WSB,"Remember when r/WSB kept saying in the daily discussion ""WTF is going on?"" When the market rallied but no news was anno"
WSB,"
**User Report**| | | |
:--|:--|:--|:--
**Total Submissions** | 1 | **First Seen In WSB** | 3 years ago
**Total Comments** | 7 | **Previous Best DD** | 
**Account Age** | 4 years | | 

[*"
WSB," years ago
**Total Comments** | 7 | **Previous Best DD** | 
**Account Age** | 4 years | | 

[**Join WSB Discord**](http://discord.gg/wsbverse)"
WSB,"
**User Report**| | | |
:--|:--|:--|:--
**Total Submissions** | 2 | **First Seen In WSB** | 2 months ago
**Total Comments** | 2 | **Previous Best DD** | 
**Account Age** | 2 months | | 

"
WSB,"onths ago
**Total Comments** | 2 | **Previous Best DD** | 
**Account Age** | 2 months | | 

[**Join WSB Discord**](http://discord.gg/wsbverse)"
WSB," trading; Treasury yields climb
* Bessent says bond moves normal, urges China restraint on yuan

# [WSB discord is going insane - hundreds in VC](https://discord.com/invite/wsbverse)

Trump's Full Announ"
WSB,"
**User Report**| | | |
:--|:--|:--|:--
**Total Submissions** | 2 | **First Seen In WSB** | 8 months ago
**Total Comments** | 0 | **Previous Best DD** | 
**Account Age** | 9 years | | 

["
WSB,"months ago
**Total Comments** | 0 | **Previous Best DD** | 
**Account Age** | 9 years | | 

[**Join WSB Discord**](http://discord.gg/wsbverse)"
WSB,"
**User Report**| | | |
:--|:--|:--|:--
**Total Submissions** | 10 | **First Seen In WSB** | 4 years ago
**Total Comments** | 46 | **Previous Best DD** | 
**Account Age** | 5 years | | 

["
WSB,"years ago
**Total Comments** | 46 | **Previous Best DD** | 
**Account Age** | 5 years | | 

[**Join WSB Discord**](http://discord.gg/wsbverse)"
WSB,"
**User Report**| | | |
:--|:--|:--|:--
**Total Submissions** | 1 | **First Seen In WSB** | 3 years ago
**Total Comments** | 0 | **Previous Best DD** | 
**Account Age** | 4 years | | 

[*"
WSB," years ago
**Total Comments** | 0 | **Previous Best DD** | 
**Account Age** | 4 years | | 

[**Join WSB Discord**](http://discord.gg/wsbverse)"
WSB,"
**User Report**| | | |
:--|:--|:--|:--
**Total Submissions** | 10 | **First Seen In WSB** | 1 year ago
**Total Comments** | 546 | **Previous Best DD** | [x](https://www.reddit.com/r/walls"
WSB,"streetbets/comments/1gtor2x/tesla_autonomous_vehicle_news/) 
**Account Age** | 1 year | | 

[**Join WSB Discord**](http://discord.gg/wsbverse)"
WSB,There's K-Drama and there is WSB drama
WSB,"This guy is a legend 

Truly belongs in WSB, 

well u could always tell them:  
The losers quit before they win BIG."
WSB,"
**User Report**| | | |
:--|:--|:--|:--
**Total Submissions** | 1 | **First Seen In WSB** | 1 week ago
**Total Comments** | 6 | **Previous Best DD** | 
**Account Age** | 7 years | | 

[**"
WSB,"1 week ago
**Total Comments** | 6 | **Previous Best DD** | 
**Account Age** | 7 years | | 

[**Join WSB Discord**](http://discord.gg/wsbverse)"
WSB,"
**User Report**| | | |
:--|:--|:--|:--
**Total Submissions** | 1 | **First Seen In WSB** | 6 months ago
**Total Comments** | 11 | **Previous Best DD** | 
**Account Age** | 2 years | | 

"
WSB,"onths ago
**Total Comments** | 11 | **Previous Best DD** | 
**Account Age** | 2 years | | 

[**Join WSB Discord**](http://discord.gg/wsbverse)"
WSB,"
**User Report**| | | |
:--|:--|:--|:--
**Total Submissions** | 2 | **First Seen In WSB** | 4 years ago
**Total Comments** | 211 | **Previous Best DD** | 
**Account Age** | 7 years | | 

"
WSB,"ears ago
**Total Comments** | 211 | **Previous Best DD** | 
**Account Age** | 7 years | | 

[**Join WSB Discord**](http://discord.gg/wsbverse)"
WSB,"
**User Report**| | | |
:--|:--|:--|:--
**Total Submissions** | 1 | **First Seen In WSB** | 4 years ago
**Total Comments** | 2 | **Previous Best DD** | 
**Account Age** | 12 years | | 

["
WSB,"years ago
**Total Comments** | 2 | **Previous Best DD** | 
**Account Age** | 12 years | | 

[**Join WSB Discord**](http://discord.gg/wsbverse)"
WSB,"
**User Report**| | | |
:--|:--|:--|:--
**Total Submissions** | 1 | **First Seen In WSB** | 4 weeks ago
**Total Comments** | 40 | **Previous Best DD** | 
**Account Age** | 4 years | | 

["
WSB,"weeks ago
**Total Comments** | 40 | **Previous Best DD** | 
**Account Age** | 4 years | | 

[**Join WSB Discord**](http://discord.gg/wsbverse)"
WSB,"
**User Report**| | | |
:--|:--|:--|:--
**Total Submissions** | 10 | **First Seen In WSB** | 6 years ago
**Total Comments** | 374 | **Previous Best DD** | 
**Account Age** | 17 years | | 
"
WSB,"ars ago
**Total Comments** | 374 | **Previous Best DD** | 
**Account Age** | 17 years | | 

[**Join WSB Discord**](http://discord.gg/wsbverse)"
WSB,"d combusted mid air and got roasted by Jerome himself.

You held, you posted and you became legend.
WSB doesnâ€™t need heroes we need martyrs.

Someone drop the hotline and maybe a costco link for industri"
WSB,"
**User Report**| | | |
:--|:--|:--|:--
**Total Submissions** | 3 | **First Seen In WSB** | 4 months ago
**Total Comments** | 12 | **Previous Best DD** | 
**Account Age** | 4 years | | 

"
WSB,"onths ago
**Total Comments** | 12 | **Previous Best DD** | 
**Account Age** | 4 years | | 

[**Join WSB Discord**](http://discord.gg/wsbverse)"
WSB,"The WSB Paradox: Smart enough to be informed, dumb enough to go all in on calls."
WSB,"
**User Report**| | | |
:--|:--|:--|:--
**Total Submissions** | 1 | **First Seen In WSB** | 2 months ago
**Total Comments** | 2 | **Previous Best DD** | 
**Account Age** | 5 months | | 

"
WSB,"onths ago
**Total Comments** | 2 | **Previous Best DD** | 
**Account Age** | 5 months | | 

[**Join WSB Discord**](http://discord.gg/wsbverse)"
WSB,"
**User Report**| | | |
:--|:--|:--|:--
**Total Submissions** | 10 | **First Seen In WSB** | 3 years ago
**Total Comments** | 33 | **Previous Best DD** | [x](https://www.reddit.com/r/walls"
WSB,"llstreetbets/comments/1gwb6sk/why_im_shorting_the_market/) 
**Account Age** | 4 years | | 

[**Join WSB Discord**](http://discord.gg/wsbverse)"
WSB,"
**User Report**| | | |
:--|:--|:--|:--
**Total Submissions** | 1 | **First Seen In WSB** | 1 year ago
**Total Comments** | 1854 | **Previous Best DD** | 
**Account Age** | 1 year | | 

["
WSB,"year ago
**Total Comments** | 1854 | **Previous Best DD** | 
**Account Age** | 1 year | | 

[**Join WSB Discord**](http://discord.gg/wsbverse)"
WSB,"
**User Report**| | | |
:--|:--|:--|:--
**Total Submissions** | 2 | **First Seen In WSB** | 5 months ago
**Total Comments** | 9 | **Previous Best DD** | 
**Account Age** | 1 year | | 

[*"
WSB," months ago
**Total Comments** | 9 | **Previous Best DD** | 
**Account Age** | 1 year | | 

[**Join WSB Discord**](http://discord.gg/wsbverse)"
WSB,"
**User Report**| | | |
:--|:--|:--|:--
**Total Submissions** | 1 | **First Seen In WSB** | just now
**Total Comments** | 0 | **Previous Best DD** | 
**Account Age** | 4 years | | 

[**Jo"
WSB,"| just now
**Total Comments** | 0 | **Previous Best DD** | 
**Account Age** | 4 years | | 

[**Join WSB Discord**](http://discord.gg/wsbverse)"
WSB,"
**User Report**| | | |
:--|:--|:--|:--
**Total Submissions** | 2 | **First Seen In WSB** | 1 year ago
**Total Comments** | 160 | **Previous Best DD** | 
**Account Age** | 1 year | | 

[*"
WSB," year ago
**Total Comments** | 160 | **Previous Best DD** | 
**Account Age** | 1 year | | 

[**Join WSB Discord**](http://discord.gg/wsbverse)"
WSB,"
**User Report**| | | |
:--|:--|:--|:--
**Total Submissions** | 1 | **First Seen In WSB** | 20 hours ago
**Total Comments** | 7 | **Previous Best DD** | 
**Account Age** | 3 years | | 

["
WSB," hours ago
**Total Comments** | 7 | **Previous Best DD** | 
**Account Age** | 3 years | | 

[**Join WSB Discord**](http://discord.gg/wsbverse)"
WSB,"
**User Report**| | | |
:--|:--|:--|:--
**Total Submissions** | 2 | **First Seen In WSB** | 3 years ago
**Total Comments** | 118 | **Previous Best DD** | 
**Account Age** | 3 years | | 

"
WSB,"ears ago
**Total Comments** | 118 | **Previous Best DD** | 
**Account Age** | 3 years | | 

[**Join WSB Discord**](http://discord.gg/wsbverse)"
WSB,"
**User Report**| | | |
:--|:--|:--|:--
**Total Submissions** | 1 | **First Seen In WSB** | just now
**Total Comments** | 0 | **Previous Best DD** | 
**Account Age** | 10 years | | 

[**J"
WSB," just now
**Total Comments** | 0 | **Previous Best DD** | 
**Account Age** | 10 years | | 

[**Join WSB Discord**](http://discord.gg/wsbverse)"
WSB,"
**User Report**| | | |
:--|:--|:--|:--
**Total Submissions** | 1 | **First Seen In WSB** | 1 day ago
**Total Comments** | 2 | **Previous Best DD** | 
**Account Age** | 12 years | | 

[**"
WSB,"1 day ago
**Total Comments** | 2 | **Previous Best DD** | 
**Account Age** | 12 years | | 

[**Join WSB Discord**](http://discord.gg/wsbverse)"
WSB,"d. I got face ripped on my shorts. That was the end of the dot.com era bear market.

I know this is WSB, but if you wanna stay in this game for decades you gotta buy shares of the best, high growth stock"
WSB,"
**User Report**| | | |
:--|:--|:--|:--
**Total Submissions** | 3 | **First Seen In WSB** | 8 minutes ago
**Total Comments** | 0 | **Previous Best DD** | 
**Account Age** | 7 years | | 

"
WSB,"inutes ago
**Total Comments** | 0 | **Previous Best DD** | 
**Account Age** | 7 years | | 

[**Join WSB Discord**](http://discord.gg/wsbverse)"
WSB,"
**User Report**| | | |
:--|:--|:--|:--
**Total Submissions** | 8 | **First Seen In WSB** | 5 years ago
**Total Comments** | 623 | **Previous Best DD** | 
**Account Age** | 6 years | | 

"
WSB,"ears ago
**Total Comments** | 623 | **Previous Best DD** | 
**Account Age** | 6 years | | 

[**Join WSB Discord**](http://discord.gg/wsbverse)"
WSB,"
**User Report**| | | |
:--|:--|:--|:--
**Total Submissions** | 3 | **First Seen In WSB** | 4 months ago
**Total Comments** | 0 | **Previous Best DD** | 
**Account Age** | 7 years | | 

["
WSB,"months ago
**Total Comments** | 0 | **Previous Best DD** | 
**Account Age** | 7 years | | 

[**Join WSB Discord**](http://discord.gg/wsbverse)"
WSB,"
**User Report**| | | |
:--|:--|:--|:--
**Total Submissions** | 1 | **First Seen In WSB** | 1 year ago
**Total Comments** | 1420 | **Previous Best DD** | 
**Account Age** | 1 year | | 

["
WSB,"year ago
**Total Comments** | 1420 | **Previous Best DD** | 
**Account Age** | 1 year | | 

[**Join WSB Discord**](http://discord.gg/wsbverse)"
WSB,"
**User Report**| | | |
:--|:--|:--|:--
**Total Submissions** | 2 | **First Seen In WSB** | 1 year ago
**Total Comments** | 32 | **Previous Best DD** | 
**Account Age** | 12 years | | 

["
WSB,"year ago
**Total Comments** | 32 | **Previous Best DD** | 
**Account Age** | 12 years | | 

[**Join WSB Discord**](http://discord.gg/wsbverse)"
WSB,"Remember when r/WSB kept saying in the daily discussion ""WTF is going on?"" When the market rallied but no news was anno"
WSB,"
**User Report**| | | |
:--|:--|:--|:--
**Total Submissions** | 1 | **First Seen In WSB** | 3 years ago
**Total Comments** | 7 | **Previous Best DD** | 
**Account Age** | 4 years | | 

[*"
WSB," years ago
**Total Comments** | 7 | **Previous Best DD** | 
**Account Age** | 4 years | | 

[**Join WSB Discord**](http://discord.gg/wsbverse)"
WSB,"
**User Report**| | | |
:--|:--|:--|:--
**Total Submissions** | 2 | **First Seen In WSB** | 2 months ago
**Total Comments** | 2 | **Previous Best DD** | 
**Account Age** | 2 months | | 

"
WSB,"onths ago
**Total Comments** | 2 | **Previous Best DD** | 
**Account Age** | 2 months | | 

[**Join WSB Discord**](http://discord.gg/wsbverse)"
WSB," trading; Treasury yields climb
* Bessent says bond moves normal, urges China restraint on yuan

# [WSB discord is going insane - hundreds in VC](https://discord.com/invite/wsbverse)

Trump's Full Announ"
WSB,"
**User Report**| | | |
:--|:--|:--|:--
**Total Submissions** | 2 | **First Seen In WSB** | 8 months ago
**Total Comments** | 0 | **Previous Best DD** | 
**Account Age** | 9 years | | 

["
WSB,"months ago
**Total Comments** | 0 | **Previous Best DD** | 
**Account Age** | 9 years | | 

[**Join WSB Discord**](http://discord.gg/wsbverse)"
WSB,"
**User Report**| | | |
:--|:--|:--|:--
**Total Submissions** | 10 | **First Seen In WSB** | 4 years ago
**Total Comments** | 46 | **Previous Best DD** | 
**Account Age** | 5 years | | 

["
WSB,"years ago
**Total Comments** | 46 | **Previous Best DD** | 
**Account Age** | 5 years | | 

[**Join WSB Discord**](http://discord.gg/wsbverse)"
WSB,"
**User Report**| | | |
:--|:--|:--|:--
**Total Submissions** | 1 | **First Seen In WSB** | 3 years ago
**Total Comments** | 0 | **Previous Best DD** | 
**Account Age** | 4 years | | 

[*"
WSB," years ago
**Total Comments** | 0 | **Previous Best DD** | 
**Account Age** | 4 years | | 

[**Join WSB Discord**](http://discord.gg/wsbverse)"
WSB,"
**User Report**| | | |
:--|:--|:--|:--
**Total Submissions** | 10 | **First Seen In WSB** | 1 year ago
**Total Comments** | 546 | **Previous Best DD** | [x](https://www.reddit.com/r/walls"
WSB,"streetbets/comments/1gtor2x/tesla_autonomous_vehicle_news/) 
**Account Age** | 1 year | | 

[**Join WSB Discord**](http://discord.gg/wsbverse)"
WSB,There's K-Drama and there is WSB drama
WSB,"This guy is a legend 

Truly belongs in WSB, 

well u could always tell them:  
The losers quit before they win BIG."
WSB,"
**User Report**| | | |
:--|:--|:--|:--
**Total Submissions** | 2 | **First Seen In WSB** | 4 years ago
**Total Comments** | 211 | **Previous Best DD** | 
**Account Age** | 7 years | | 

"
WSB,"ears ago
**Total Comments** | 211 | **Previous Best DD** | 
**Account Age** | 7 years | | 

[**Join WSB Discord**](http://discord.gg/wsbverse)"
ETF,"China considering opening its $520 billion ETF market to Western market makers Chinese century incoming? What does this mean for our casino? 
Repo"
ETF,Holy shit I finally understood why my balance (in my currency) kept going down even though my ETF went up...
ETF,Tomorrow is the 15th. Lot of ETF buys will be triggered. Then it'll dump again.
ETF,"certain and other countries are selling and pulling money out of US markets. TQQQ is a depreciating ETF. The longer you hold it, the more value it loses, not a good time to hold leveragd ETFs imo. Also, "
ETF," good time to hold leveragd ETFs imo. Also, you're paying over 10% interest + fees just to hold the ETF, it will decay even faster. Well, good luck though!"
ETF,calls on triple leveraged ETF...    that's a bold strategy cotton.
ETF,Holy shit I finally understood why my balance (in my currency) kept going down even though my ETF went up...
NVDA,"those tariffs. 

Thoughts? 

Conflict of interest: My 47dte TSLA puts.

If market tanks, I will buy NVDA calls tomorrow. 
"
NVDA,"ince the market was still pumping.

\- AI Bubble: I think AI is heavily over-hyped, and the rise of NVDA/Tech stocks were not really warranted. I saw this as a bubble bound to pop, much like the dot-com a"
NVDA,Everyone talks NVDA and PLTR while this dude is thinking minerals. Playing 5D Chess indeed.
NVDA,ank and last to recover. You shouldnâ€™t be holding it long term when you can hold better stocks like NVDA and GOOGL.
NVDA,Dude had no idea wtf he was doing. Qqq puts but 2x NVDA leverage AND 2X Tesla short? Like what the fuck is this
NVDA,Dude had no idea wtf he was doing. Qqq puts but 2x NVDA leverage AND 2X Tesla short? Like what the fuck is this
TSLA,"ns are temporary.

China- f u. Drop all those tariffs. 

Thoughts? 

Conflict of interest: My 47dte TSLA puts.

If market tanks, I will buy NVDA calls tomorrow. 
"
TSLA,"own even though im down 50% today)

SPY 533P 4/16  
SPY 515P 4/10  
SPY 498P 4/11  
AAPL 180P 5/9  
TSLA 232.5P 4/11  
QQQ 415P 4/14"
TSLA,Whats more crazy is that these are worth about $5. I think TSLA is trash and I might be willing to sell these if it didn't tie up money for so long.
TSLA,"ultiple contractions throughout this year if the administration holds pat on their tariff policies. TSLA is one of the stocks that will be hit the hardest by those contractions, any company that is priced"
TSLA,"TSLA is cooked in every way possible.Â 


Antagonize only people who will buy your cars (educated, rich, "
TSLA,TSLA up 14% lmao. 120 P/E and literally falling off a cliff in sales
TSLA,How did it happen? Calls on TSLA? ![gif](emote|free_emotes_pack|feels_bad_man)
TSLA,"Chin up dude, apply for a margin account or personal loans and load back up on some TSLA calls ![img](emote|t5_2th52|4271)![img](emote|t5_2th52|4271)"
TSLA,TSLA up 14% lmao. 120 P/E and literally falling off a cliff in sales
P,"> the stock market is recovering ?


S&P down 3.7% past month.Â  Down 7.3% past six months.Â  I don't see recent volatility as a recovery at a"
P,TSLA up 14% lmao. 120 P/E and literally falling off a cliff in sales
P,"icillin comes from China ! 

Have a headache and need Advil - active ingredients come from India. 

P.S. one of Organge Ulcerâ€™s first Executive order was to roll back price protection on insulin."
P,TSLA up 14% lmao. 120 P/E and literally falling off a cliff in sales
P,"icillin comes from China ! 

Have a headache and need Advil - active ingredients come from India. 

P.S. one of Organge Ulcerâ€™s first Executive order was to roll back price protection on insulin."
LOL,"okay what about amazon and google? LOL 

  
Amazon controls all aspects of our life including google"
LOL,Best ticker name ever LOL
LOL,LOL rinse and repeat.  ![img](emote|t5_2th52|4271)
LOL,LOL at the contrast between the bronzer on his face and his pasty ass hand. Mango is literally wearing 
LOL,LOL rinse and repeat.  ![img](emote|t5_2th52|4271)
LOL,LOL at the contrast between the bronzer on his face and his pasty ass hand. Mango is literally wearing 
IS,EVERYTHING IS COMPUTER ![img](emote|t5_2th52|27421)
IS,"S? AI! WANNA TEST AIRFRAMES? AI! WANNA SEE GOD? AI! WANNA REWRITE HISTORY? AI! WANNA SEE HOW BAD AI IS FOR THE ENVIRONMENT? HAHA YOU GUESSED IT!!! AI!

I FUCKING HATE AI"
IS,"BESSENT: DOLLAR IS STILL A GLOBAL RESERVE CURRENCY

If you need to say it, it's no longer obvious"
IS,"WHY IS THIS GOOD NEWS?!

The majority of US trade is still under active trade war."
IS,"WHY IS THIS GOOD NEWS?!

The majority of US trade is still under active trade war."
OF,USE OUR AI USE OUR AI PLEASE USE OUR AI CMON ITS THE NEXT BIG THING ITS THE BIGGEST OF THINGS ITS OUR SAVIOR USE THE AI PLEASE PLEASE PLEASE USE IT OUR AI WILL BRING US INTO A GOLDEN AGE
OF,"THINGS ITS OUR SAVIOR USE THE AI PLEASE PLEASE PLEASE USE IT OUR AI WILL BRING US INTO A GOLDEN AGE OF ETERNAL LIFE AMONG THE GLIMMERING STARS

WANNA WRITE A BOOK? AI! WANNA WRITE AN ESSAY? AI! WANNA MA"
OF,"0d5738005b18c69553723ec17753e65ff0

we just witnessed one of the greatest stock market MANIPULATION OF ALL TIME"
OF,OF COURSE he posted the wrong tariff rate yesterday? Maybe china clocked and was waiting to see if tha
OF,DIDN'T I TELL YOU GUYS TO INVEST IN DUKES OF HAZZARD DVD BOX SETS!
OF,"0d5738005b18c69553723ec17753e65ff0

we just witnessed one of the greatest stock market MANIPULATION OF ALL TIME"
THE,USE OUR AI USE OUR AI PLEASE USE OUR AI CMON ITS THE NEXT BIG THING ITS THE BIGGEST OF THINGS ITS OUR SAVIOR USE THE AI PLEASE PLEASE PLEASE USE IT OUR 
THE,USE OUR AI USE OUR AI PLEASE USE OUR AI CMON ITS THE NEXT BIG THING ITS THE BIGGEST OF THINGS ITS OUR SAVIOR USE THE AI PLEASE PLEASE PLEASE USE IT OUR AI WILL BRING US INTO A
THE,E OUR AI PLEASE USE OUR AI CMON ITS THE NEXT BIG THING ITS THE BIGGEST OF THINGS ITS OUR SAVIOR USE THE AI PLEASE PLEASE PLEASE USE IT OUR AI WILL BRING US INTO A GOLDEN AGE OF ETERNAL LIFE AMONG THE GLI
THE,"USE THE AI PLEASE PLEASE PLEASE USE IT OUR AI WILL BRING US INTO A GOLDEN AGE OF ETERNAL LIFE AMONG THE GLIMMERING STARS

WANNA WRITE A BOOK? AI! WANNA WRITE AN ESSAY? AI! WANNA MAKE ART? AI! WANNA TEST "
THE,"WANNA TEST AIRFRAMES? AI! WANNA SEE GOD? AI! WANNA REWRITE HISTORY? AI! WANNA SEE HOW BAD AI IS FOR THE ENVIRONMENT? HAHA YOU GUESSED IT!!! AI!

I FUCKING HATE AI"
THE,ENOUGH BABBLE SOMEONE ASK HIM ABT THE SEMI TARIFFS
THE,"nâ€™t make sense to me. After all that news i saw some bearish signs but i thought i was tripping coz THE NEWS WERE GOOD, there was no way for it to go down and out of no where everything went down. Please"
THE,"THE RUMOR WAS TRUE, I fucking knew it"
THE,"THE RUMOR WAS TRUE, I fucking knew it"
MP,"FWIW I have every intention to continue to roll my positions for the foreseeable future, especially MP! It is also worth saying that the companies I am most confident in are MP, LAC, UUUU, and ABAT. The"
MP,"eeable future, especially MP! It is also worth saying that the companies I am most confident in are MP, LAC, UUUU, and ABAT. These are not listed above but had good days as well. The above tickers are m"
MP,"i was looking at the calls / puts for MP , the spread is insane"
MP,"Holy damn thatâ€™s a lot to put into MP

Missed opportunity to say â€œI yearn for the minesâ€, with relevant username too"
MP,Look at the MP 5yr performance....this is another junk stock being punted into the spotlight.
MP,MP is also my largest holding. Iâ€™m in UUUU as well and have many in my watchlist. Whatâ€™s your take on 
MP,Holding quite a lot of MP but I was too scared to try to time calls
MP,MP has a LOT of room to run. I canâ€™t tell you if it will run more tomorrow (though personally I suspec
OP,"On the bright side, OP has a tax deduction for the next 7.5 years"
OP,What app do you use for HKEX? the UI looks like Moomoo? Thanks OP
OP,"ðŸŽ¶""Something special in the air"" ðŸŽµ was talking about OP's regarded calls"
OP,"It's ok OP, you can still get her the castle!

https://preview.redd.it/57h3j5s09gue1.png?width=1137&format=png"
OP,Lol OP be honest the closest thing you have to a wife is a tube sock you call Cindy.Â 
OP,OP we need the details
OP,"You bought calls didn't you, OP? Why? Why would you buy calls?"
OP,"go up because they paused tariffs on tech. 

Since we all expect it, it's going down 2% Monday, and OP is gonna be rich."
OP," sleep and social contact with most humans. It finally paid off. I'm done taking crazy risk.""

Also OP: ""I'm now buying leveraged NASDAQ ETFs"""
OP,Down 8.5% 2 days later. Can't believe you left us with that cliffhanger OP
OP,"Sometimes I wonder how real the humble posts are. OP if real and you are poor, build a balanced portfolio and stop trading options with more than 1% of "
OP,You can tell OP is riding the high with that last part
OP,They say bull market creates wealth but bear market creates fortunes. Well done OP.
OP,"More like same price 6 months ago, OP"
OP,"It's ok OP, you can still get her the castle!

https://preview.redd.it/57h3j5s09gue1.png?width=1137&format=png"
OP,Lol OP be honest the closest thing you have to a wife is a tube sock you call Cindy.Â 
OTM,Why the hell would u go so OTM? U certainly have enough capital
OTM,But he could of used them 3k for OTM PUT and make a bigger return and then he could afford one
OTM,"Very large volumes on far OTM calls on SPX +5250C worth $50k to $100k bought minutes before the 90 day pause announcement. 
They "
OTM,actually how the fuck did you pull this off. way OTM?
OTM,"Very large volumes on far OTM calls on SPX +5250C worth $50k to $100k bought minutes before the 90 day pause announcement. 
They "
RIP,RIP to the factory I just started building.
RIP,"90 day tariff pause, RIP Puts"
RIP,RIP to everyone who bought high and sold low
RIP,#RIP bro these exemptions kill your position
RIP,RIP to the factory I just started building.
E,TSLA up 14% lmao. 120 P/E and literally falling off a cliff in sales
E,"andsome retard.

In all seriousness, this doesnâ€™t need to be a post and yes you are free to say it

E: fuck it have your fun"
E,C.R.E.A.M.
E,C.R.E.A.M.
E,TSLA up 14% lmao. 120 P/E and literally falling off a cliff in sales
